{"1": {
 "calculator": "unknown",
 "calculator_parameters": {},
 "cell": {"__ndarray__": [[3, 3], "float64", [0.0, 0.0, 0.0, 0.0, 0.0, 0.0, 0.0, 0.0, 0.0]]},
 "ctime": 23.81496314970995,
 "energy": -2168.5373108757713,
 "mtime": 23.81496314970995,
 "numbers": {"__ndarray__": [[8], "int64", [6, 6, 1, 1, 1, 1, 1, 1]]},
 "pbc": {"__ndarray__": [[3], "bool", [false, false, false]]},
 "positions": {"__ndarray__": [[8, 3], "float64", [0.0, -1.5e-05, 0.834419, 0.0, 1.5e-05, -0.834419, -0.0, 1.041266, 1.210395, -0.90177, -0.520649, 1.210441, 0.90177, -0.520649, 1.210441, -0.0, -1.041266, -1.210395, -0.90177, 0.520649, -1.210441, 0.90177, 0.520649, -1.210441]]},
 "unique_id": "e6185e8f9084f4aed991f3da6324d7ab",
 "user": "hwang"},
"ids": [1],
"nextid": 2}
