{"1": {
 "calculator": "unknown",
 "calculator_parameters": {},
 "cell": {"__ndarray__": [[3, 3], "float64", [0.0, 0.0, 0.0, 0.0, 0.0, 0.0, 0.0, 0.0, 0.0]]},
 "ctime": 23.81496048237731,
 "energy": -2168.7345997972457,
 "mtime": 23.81496048237731,
 "numbers": {"__ndarray__": [[8], "int64", [6, 6, 1, 1, 1, 1, 1, 1]]},
 "pbc": {"__ndarray__": [[3], "bool", [false, false, false]]},
 "positions": {"__ndarray__": [[8, 3], "float64", [0.0, -6e-06, 0.764702, -0.0, 6e-06, -0.764702, 0.0, 1.031736, 1.173314, -0.89351, -0.515884, 1.173354, 0.89351, -0.515884, 1.173354, 0.0, -1.031736, -1.173314, -0.89351, 0.515884, -1.173354, 0.89351, 0.515884, -1.173354]]},
 "unique_id": "2d23ec23bd3fff34ba5b6b2db02846a3",
 "user": "hwang"},
"ids": [1],
"nextid": 2}
